{"text": " Have a good day. Thank you. Enjoy the next 24 hours of your life.", "segments": [{"id": 0, "seek": 0, "start": 0.0, "end": 4.0, "text": " Have a good day. Thank you.", "tokens": [50364, 3560, 257, 665, 786, 13, 1044, 291, 13, 50564], "temperature": 0.0, "avg_logprob": -0.357211481441151, "compression_ratio": 0.9154929577464789, "no_speech_prob": 0.06826631724834442}, {"id": 1, "seek": 0, "start": 4.0, "end": 9.0, "text": " Enjoy the next 24 hours of your life.", "tokens": [50564, 15411, 264, 958, 4022, 2496, 295, 428, 993, 13, 50814], "temperature": 0.0, "avg_logprob": -0.357211481441151, "compression_ratio": 0.9154929577464789, "no_speech_prob": 0.06826631724834442}], "language": "en"}